id,course_id,tee_box_name,hole_number,par,yardage,meters,handicap
00547f89-71bb-44ae-b7c2-398f95abf0fc,0f43bfb1-c569-4504-a7b6-d51056c9522e,White,6,5,,,2
00884e8f-fdb1-4317-a936-83e119fd7068,519f37fb-65ec-412a-a241-838c7a30a05d,Yellow (w) Re-Rate 1,15,4,413,,
00ef85e4-32bc-4428-8721-080b47adae63,519f37fb-65ec-412a-a241-838c7a30a05d,Yellow - New,14,3,168,,
01dd04a2-fdf8-4364-bea6-3ebc12c70f88,519f37fb-65ec-412a-a241-838c7a30a05d,Blue (w) Re-Rate 1,14,3,155,,
028d4223-ca41-497d-a9ed-33d6e1ed2385,519f37fb-65ec-412a-a241-838c7a30a05d,Red Re-Rate 1,10,4,368,,
02e1e228-d770-41b6-a8fe-83ea0f1200a8,519f37fb-65ec-412a-a241-838c7a30a05d,White,7,4,,,13
037b8cb9-359f-4e4a-8e56-10bf53993f69,519f37fb-65ec-412a-a241-838c7a30a05d,Blue,5,4,365,,
0434f31b-377e-4310-bda1-130cda315079,519f37fb-65ec-412a-a241-838c7a30a05d,Red Re-Rate 1,9,5,486,,
0500a001-d35c-428c-80e7-a8d743a027d4,519f37fb-65ec-412a-a241-838c7a30a05d,Yellow Re-Rate 1,5,4,428,,
0677d33b-e7f8-40bf-8e47-76be140bc872,519f37fb-65ec-412a-a241-838c7a30a05d,Red,8,4,380,,
068721e0-ce2a-4a40-b62c-622a404eee93,519f37fb-65ec-412a-a241-838c7a30a05d,Blue Re-Rate 1,17,3,169,,
06f16f1d-0de5-4df1-889e-4eb40a9fe463,519f37fb-65ec-412a-a241-838c7a30a05d,Blue (w) Re-Rate 1,5,4,366,,
07535f7a-3367-4f3d-a696-50687f3148dc,519f37fb-65ec-412a-a241-838c7a30a05d,Blue,14,3,160,,
08089919-f6bf-4019-bcf6-3d51d00a4d64,519f37fb-65ec-412a-a241-838c7a30a05d,White (w),10,4,401,,
082d9f85-d462-42c6-bbe9-75b5e0d8db99,519f37fb-65ec-412a-a241-838c7a30a05d,White,15,4,,,6
08c3dbc9-753d-4976-8960-bc0f4b4b54bd,519f37fb-65ec-412a-a241-838c7a30a05d,Yellow,3,3,205,,
08ccbdb7-7696-4597-bcd9-c84f1ce9444f,519f37fb-65ec-412a-a241-838c7a30a05d,Yellow Re-Rate 1,3,3,203,,
09040bce-fc46-43c1-927b-7f75f1c746c6,519f37fb-65ec-412a-a241-838c7a30a05d,Yellow Re-Rate 1,17,3,218,,
095a2c4a-6f65-4172-ba8f-d2fb10e3a5e3,519f37fb-65ec-412a-a241-838c7a30a05d,Red - New,10,4,368,,
09875e78-53f0-46d5-b400-ed119fa25398,519f37fb-65ec-412a-a241-838c7a30a05d,White - New (w),1,4,369,,
0b0a0fe4-8231-4079-90f4-81ed802088d9,519f37fb-65ec-412a-a241-838c7a30a05d,Blue Re-Rate 1,4,5,469,,
0b3b1545-1077-464e-b96d-4375607e8344,519f37fb-65ec-412a-a241-838c7a30a05d,White - New,8,4,438,,
0b6f5728-3b89-4110-a2ba-45e968279347,519f37fb-65ec-412a-a241-838c7a30a05d,Blue - New,18,5,454,,
0b8329d5-82ba-42a4-bee3-307aaac24a7e,519f37fb-65ec-412a-a241-838c7a30a05d,White Re-Rate 1,4,5,482,,
0cd41732-b947-4121-94ca-995eb7dff5a6,519f37fb-65ec-412a-a241-838c7a30a05d,Blue Re-Rate 1,7,4,363,,
0d009c06-b28f-45cf-bee1-6b7a1fe8aae1,519f37fb-65ec-412a-a241-838c7a30a05d,White,4,5,,,9
0d4b6cfa-121a-4a9e-8a7d-56cb89a5e0ce,519f37fb-65ec-412a-a241-838c7a30a05d,Red,6,3,155,,
0d878525-3623-424f-8475-67aec1076584,519f37fb-65ec-412a-a241-838c7a30a05d,Red,4,5,445,,
0dd3de0c-b4fb-48ce-8035-e2a3262fc8da,519f37fb-65ec-412a-a241-838c7a30a05d,Red(w),1,4,355,,
0e762a94-97b7-4423-86df-809c1d4226af,519f37fb-65ec-412a-a241-838c7a30a05d,Blue Re-Rate 1,15,4,358,,
0eedfc1a-f5af-49b0-b3d9-85b1b8fb1af8,519f37fb-65ec-412a-a241-838c7a30a05d,Blue - New,17,3,169,,
0f89907a-8e06-4253-8abb-7c4b931a82c2,519f37fb-65ec-412a-a241-838c7a30a05d,Yellow - New,17,3,218,,
0fcd892f-e8bc-4e84-830a-80868324a31d,519f37fb-65ec-412a-a241-838c7a30a05d,Red (w) Re-Rate 1,14,3,144,,
124a8ead-5515-4e42-a0f3-5b9e60e8d38e,519f37fb-65ec-412a-a241-838c7a30a05d,Blue,12,4,345,,
135fa180-2047-4a93-9085-8cdcb85f208d,519f37fb-65ec-412a-a241-838c7a30a05d,Yellow Re-Rate 1,6,3,196,,
13a1bf5d-0665-413d-b170-c5599f198c73,519f37fb-65ec-412a-a241-838c7a30a05d,Blue(w),5,4,365,,
14113781-660c-49cb-8c71-7be8dfb6e437,519f37fb-65ec-412a-a241-838c7a30a05d,Blue (w) Re-Rate 1,17,3,169,,
15971448-e217-49ae-b43a-6713e05f1e61,519f37fb-65ec-412a-a241-838c7a30a05d,White - New (w),9,5,586,,
16c744cb-411f-457e-8bd3-dcf7049b59fa,519f37fb-65ec-412a-a241-838c7a30a05d,Red(w),12,4,345,,
177c7b05-6871-4779-9239-0a2e47498134,519f37fb-65ec-412a-a241-838c7a30a05d,Yellow (w) Re-Rate 1,1,4,375,,
1afff0ac-78aa-4eca-a7a7-503fbbcad5d8,519f37fb-65ec-412a-a241-838c7a30a05d,Red (w) Re-Rate 1,2,4,330,,
1b429315-f590-40a4-acae-5fe0baf1a553,519f37fb-65ec-412a-a241-838c7a30a05d,Blue,7,4,360,,
1b7c45b0-9c6b-468b-a33d-0929b1d7360f,0f43bfb1-c569-4504-a7b6-d51056c9522e,White,18,5,,,5
1bcc4b2d-9e7b-4737-aa3b-2cc9a3873133,519f37fb-65ec-412a-a241-838c7a30a05d,White,17,3,,,8
1d4c336a-17ff-4ddd-aa7b-b29a56463817,519f37fb-65ec-412a-a241-838c7a30a05d,White,6,3,,,17
1d70e9ff-ceac-41f8-bdc0-ebfcf28f045a,519f37fb-65ec-412a-a241-838c7a30a05d,White Re-Rate 1,6,3,182,,
1d97a402-ce7e-457c-b7ac-967ae0922a25,519f37fb-65ec-412a-a241-838c7a30a05d,Red - New (w),6,3,121,,
1da51077-364e-4676-8e71-fe31415c4632,519f37fb-65ec-412a-a241-838c7a30a05d,Red - New (w),4,5,416,,
1e5c6afb-15b9-4afb-91cd-e5070c8b6aa1,519f37fb-65ec-412a-a241-838c7a30a05d,White (w),8,4,439,,
1e627357-2a3f-4f7b-b162-29092868757b,519f37fb-65ec-412a-a241-838c7a30a05d,Yellow - New,10,4,413,,
1e6f3f4a-a125-4767-ba7a-e5362ae13845,519f37fb-65ec-412a-a241-838c7a30a05d,Red - New (w),11,4,365,,
1e8ec1ac-1f95-4636-b6bd-a256608cfad8,519f37fb-65ec-412a-a241-838c7a30a05d,White Re-Rate 1,13,5,521,,
1eb6999f-aa3e-49ae-8d80-a57f5c25e0fb,519f37fb-65ec-412a-a241-838c7a30a05d,White - New (w),16,4,418,,
1ec73e60-5e76-4344-a039-7dd04c5bedd7,519f37fb-65ec-412a-a241-838c7a30a05d,White (w),12,4,362,,
1fbcda81-309a-4837-83d3-a9762727d6d7,519f37fb-65ec-412a-a241-838c7a30a05d,Red Re-Rate 1,2,4,330,,
20fd076a-a371-4855-883b-d23dcb14633f,519f37fb-65ec-412a-a241-838c7a30a05d,Red,5,4,320,,
21acbc45-8152-4a2d-a0cb-d19ce90b8795,519f37fb-65ec-412a-a241-838c7a30a05d,Blue (w) Re-Rate 1,11,4,405,,
21b7f94f-7c9d-4c47-9f45-853cd58583b7,519f37fb-65ec-412a-a241-838c7a30a05d,Blue - New (w),17,3,169,,
22cef474-8abb-47d1-85ce-ba12f6393381,519f37fb-65ec-412a-a241-838c7a30a05d,Blue(w),11,4,410,,
2569c785-b030-4363-a2ee-8634d8c7447a,519f37fb-65ec-412a-a241-838c7a30a05d,White,2,4,,,5
259e9c04-b9aa-4bef-9797-647f44058070,519f37fb-65ec-412a-a241-838c7a30a05d,Red - New,16,4,355,,
25d37162-42e5-4009-bc53-64ebad33ed95,519f37fb-65ec-412a-a241-838c7a30a05d,Red(w),14,3,155,,
260db9f7-9061-4385-bbec-844f4f340ee7,519f37fb-65ec-412a-a241-838c7a30a05d,Red - New (w),17,3,164,,
26be28fc-ae1c-4d90-94e7-17bf98e306a5,519f37fb-65ec-412a-a241-838c7a30a05d,White,3,3,,,7
27b4879a-f16c-4e1c-8104-3a2cee52ead2,519f37fb-65ec-412a-a241-838c7a30a05d,Red - New,11,4,365,,
280dcc5e-e8fc-4852-b837-9bc572b7cf2f,519f37fb-65ec-412a-a241-838c7a30a05d,Yellow,16,4,450,,
28bdf175-25fe-41ce-8d9f-c9973867c421,519f37fb-65ec-412a-a241-838c7a30a05d,Yellow Re-Rate 1,14,3,168,,
29107b07-e02d-4fac-80f7-2cf0941bc6c1,519f37fb-65ec-412a-a241-838c7a30a05d,Red (w) Re-Rate 1,17,3,164,,
2956406f-c667-44c0-8683-a965bdcb6850,519f37fb-65ec-412a-a241-838c7a30a05d,White - New,15,4,378,,
29b5138e-20bb-4c87-8a8b-9b46745c778f,519f37fb-65ec-412a-a241-838c7a30a05d,Blue(w),4,5,495,,
2b1ca146-b288-4721-8bcf-05a58f5938cb,519f37fb-65ec-412a-a241-838c7a30a05d,White - New,5,4,421,,
2c4debcc-1b33-41a8-a4ef-96ed9813110d,0f43bfb1-c569-4504-a7b6-d51056c9522e,White,14,5,,,1
2c7622b9-b4a8-445b-9a76-f58e12fe1ab6,519f37fb-65ec-412a-a241-838c7a30a05d,Yellow Re-Rate 1,9,5,612,,
2cf085f2-77d1-4c37-8ee4-56a7a97574c6,519f37fb-65ec-412a-a241-838c7a30a05d,White (w) Re-Rate 1,14,3,161,,
2dbb4238-5cf5-4cb9-ad34-e012779a1320,519f37fb-65ec-412a-a241-838c7a30a05d,Blue - New (w),9,5,554,,
2e4becd2-3c1c-460f-8add-de8beafe91f0,519f37fb-65ec-412a-a241-838c7a30a05d,Blue - New,14,3,155,,
2e94997d-0595-4c57-8a07-97e50af34b63,519f37fb-65ec-412a-a241-838c7a30a05d,Blue (w) Re-Rate 1,16,4,392,,
2ee0cd5c-ca15-45dd-b713-43bc5c1a87db,519f37fb-65ec-412a-a241-838c7a30a05d,Red(w),15,4,365,,
3012dfab-6cd1-497c-9487-4ca95b5ea867,519f37fb-65ec-412a-a241-838c7a30a05d,Red - New (w),7,4,346,,
3037d9e8-8161-46a8-9b56-200462bf4e39,519f37fb-65ec-412a-a241-838c7a30a05d,White (w),3,3,182,,
315cc5e2-64c6-4748-af8d-69b811327570,519f37fb-65ec-412a-a241-838c7a30a05d,White (w),1,4,370,,
3291169c-06ab-4735-8345-3e95afcd38cd,519f37fb-65ec-412a-a241-838c7a30a05d,Blue - New (w),11,4,405,,
33a27d03-e25f-452e-be91-6e5de4fee786,519f37fb-65ec-412a-a241-838c7a30a05d,Yellow - New,18,5,524,,
33cba7cf-a3fc-43f2-ba55-ca02b0fb525d,519f37fb-65ec-412a-a241-838c7a30a05d,Red (w) Re-Rate 1,11,4,365,,
343e34d6-af6a-44c7-9c21-c23bea290c8a,519f37fb-65ec-412a-a241-838c7a30a05d,Yellow,12,4,375,,
353d5ff1-b9f3-4937-8d04-41d2a225140e,519f37fb-65ec-412a-a241-838c7a30a05d,Blue Re-Rate 1,9,5,554,,
35bbdb5f-288b-4106-8323-91d450c96652,519f37fb-65ec-412a-a241-838c7a30a05d,White - New (w),3,3,181,,
35cee5f1-2cf2-4f60-ac37-41bbf86e48d1,519f37fb-65ec-412a-a241-838c7a30a05d,Yellow Re-Rate 1,16,4,454,,
35ec8465-e48b-436f-a648-eb4f7f13e34d,519f37fb-65ec-412a-a241-838c7a30a05d,Blue,4,5,495,,
36556bb9-a562-4327-92a5-f522b71300c4,519f37fb-65ec-412a-a241-838c7a30a05d,White (w) Re-Rate 1,11,4,468,,
371ce636-abb9-4644-acc8-c55b3fefc819,519f37fb-65ec-412a-a241-838c7a30a05d,Red Re-Rate 1,18,5,447,,
37968096-c457-4827-8851-9bdc896bc61e,519f37fb-65ec-412a-a241-838c7a30a05d,White - New,10,4,401,,
37a4099b-d83c-4073-9e1f-a89263827543,519f37fb-65ec-412a-a241-838c7a30a05d,Red Re-Rate 1,6,3,121,,
384d8226-8690-435e-a653-df308423e435,519f37fb-65ec-412a-a241-838c7a30a05d,White Re-Rate 1,3,3,181,,
3967deb5-fb5c-4257-a8eb-ef8bbe4e3413,0f43bfb1-c569-4504-a7b6-d51056c9522e,White,2,5,,,10
3a5e7e67-2c61-49a0-827f-6c1b3a13916d,519f37fb-65ec-412a-a241-838c7a30a05d,White - New,16,4,418,,
3af1642d-dc0b-450c-b864-2350e0c825d9,519f37fb-65ec-412a-a241-838c7a30a05d,White,9,5,,,11
3b3be223-463a-4302-8b3f-b362bc36d201,519f37fb-65ec-412a-a241-838c7a30a05d,White (w) Re-Rate 1,3,3,181,,
3cbdc651-e66e-45b6-99d9-74e0eef99aa5,519f37fb-65ec-412a-a241-838c7a30a05d,Red,2,4,340,,
3e23c8a4-d927-4da4-934b-67521bf9e23b,519f37fb-65ec-412a-a241-838c7a30a05d,Red,3,3,155,,
3e95e20d-f4c0-4c67-9769-d2a3feb604f6,519f37fb-65ec-412a-a241-838c7a30a05d,Red (w) Re-Rate 1,15,4,332,,
3fa265bd-828b-4e23-9454-9fbeffa8a7c6,519f37fb-65ec-412a-a241-838c7a30a05d,Blue - New (w),4,5,469,,
3faf3f78-2e3c-47bd-8293-2b461cf4ae89,519f37fb-65ec-412a-a241-838c7a30a05d,Red,16,4,355,,
40537965-fd02-4531-964c-35de962c0594,519f37fb-65ec-412a-a241-838c7a30a05d,Red Re-Rate 1,13,5,465,,
40f261f3-77a4-452a-8d51-47920eda8b9f,519f37fb-65ec-412a-a241-838c7a30a05d,Blue (w) Re-Rate 1,13,5,469,,
412cad6f-1759-4924-a7f2-0872f3405eba,519f37fb-65ec-412a-a241-838c7a30a05d,White - New (w),11,4,468,,
4359cce3-27ac-435e-9c88-f7396a015d2e,519f37fb-65ec-412a-a241-838c7a30a05d,Yellow,8,4,465,,
43a7a263-5111-4377-bcf3-c36c38cff087,519f37fb-65ec-412a-a241-838c7a30a05d,White Re-Rate 1,11,4,468,,
45c0dac3-b3c4-4936-8609-0085af515ff0,519f37fb-65ec-412a-a241-838c7a30a05d,Red - New (w),8,4,379,,
45c96bee-c5ff-4918-bdd6-5c085252f87b,519f37fb-65ec-412a-a241-838c7a30a05d,Red(w),13,5,470,,
45cc4586-f1e3-4ac8-ba0d-ba36d74b0d0d,519f37fb-65ec-412a-a241-838c7a30a05d,Blue,3,3,150,,
460607e4-55af-409d-b335-81ab3d0d4419,519f37fb-65ec-412a-a241-838c7a30a05d,Yellow Re-Rate 1,18,5,524,,
46bdd496-9d22-4408-8123-4395432a3523,519f37fb-65ec-412a-a241-838c7a30a05d,Blue - New,15,4,358,,
46edf562-cf1f-4400-bc0e-cfd0c9a25863,519f37fb-65ec-412a-a241-838c7a30a05d,Red Re-Rate 1,7,4,346,,
47518717-ffb2-4abf-b275-4fa2dd82b42d,519f37fb-65ec-412a-a241-838c7a30a05d,Yellow (w) Re-Rate 1,12,4,368,,
479014ea-52b3-45e2-8c47-501c2dd47c10,519f37fb-65ec-412a-a241-838c7a30a05d,Red - New (w),5,4,326,,
47c8370f-beeb-4bbf-99d7-d9e577a1e498,519f37fb-65ec-412a-a241-838c7a30a05d,Red - New (w),12,4,335,,
481b400f-e2ea-4306-bb19-ba495392bb06,519f37fb-65ec-412a-a241-838c7a30a05d,Blue(w),9,5,545,,
4916cfea-8bc7-4ada-992f-a6c07f980346,519f37fb-65ec-412a-a241-838c7a30a05d,Yellow (w) Re-Rate 1,3,3,203,,
4a20be9f-6f52-4920-b2c1-86f9d2cf18c8,519f37fb-65ec-412a-a241-838c7a30a05d,Red (w) Re-Rate 1,16,4,355,,
4a2919dc-13a9-448a-ba1e-ada092f0b679,519f37fb-65ec-412a-a241-838c7a30a05d,White Re-Rate 1,16,4,418,,
4b487114-d922-4741-b9a4-4720a971b4a2,519f37fb-65ec-412a-a241-838c7a30a05d,Red (w) Re-Rate 1,6,3,121,,
4bd4c4ef-3cd8-4124-b69a-027c005633ce,519f37fb-65ec-412a-a241-838c7a30a05d,Yellow,18,5,535,,
4c712e74-0516-469a-bbe4-00de63e27a11,519f37fb-65ec-412a-a241-838c7a30a05d,Yellow Re-Rate 1,7,4,452,,
4d43f60a-2e2c-4607-8256-7fcfd0d51f08,519f37fb-65ec-412a-a241-838c7a30a05d,Yellow,9,5,620,,
4dccb208-ec8c-45f9-8b5a-18c0174412a0,0f43bfb1-c569-4504-a7b6-d51056c9522e,White,15,4,,,13
4e946973-7ae0-4046-8b0e-d56f52030019,519f37fb-65ec-412a-a241-838c7a30a05d,White - New (w),5,4,421,,
4f96df3a-80af-4dd9-8d80-08997de0d558,519f37fb-65ec-412a-a241-838c7a30a05d,Blue,18,5,460,,
502f4611-201f-4442-9cf4-364ce89f33e9,519f37fb-65ec-412a-a241-838c7a30a05d,Blue - New (w),5,4,366,,
5073d60c-0191-41b4-8828-41473a25673a,519f37fb-65ec-412a-a241-838c7a30a05d,Red - New,3,3,138,,
508f7709-8480-44fa-a43b-cab00d89e711,519f37fb-65ec-412a-a241-838c7a30a05d,White (w) Re-Rate 1,13,5,521,,
50a6d170-c280-44c1-bd77-8c2b62311cc8,519f37fb-65ec-412a-a241-838c7a30a05d,Red(w),3,3,155,,
50d3d832-f1ba-4d4a-94f6-33ec77ae9e11,519f37fb-65ec-412a-a241-838c7a30a05d,White - New,18,5,512,,
50e727c6-3a94-44bb-aa6a-70b6650d56f8,519f37fb-65ec-412a-a241-838c7a30a05d,White (w) Re-Rate 1,4,5,482,,
50f2a6dd-e13f-4eb7-a499-67943c6707bf,519f37fb-65ec-412a-a241-838c7a30a05d,Yellow (w) Re-Rate 1,18,5,524,,
51719b26-1587-4c36-90d6-85bd4f0788e4,519f37fb-65ec-412a-a241-838c7a30a05d,Yellow,4,5,520,,
5220fafb-2bed-42be-abc2-fa94703bc015,519f37fb-65ec-412a-a241-838c7a30a05d,Blue Re-Rate 1,3,3,153,,
531060ae-da4a-41cd-b357-432eb756c865,519f37fb-65ec-412a-a241-838c7a30a05d,Blue (w) Re-Rate 1,8,4,387,,
53a0c34d-7006-4a21-8f1f-a472520538fc,519f37fb-65ec-412a-a241-838c7a30a05d,Yellow Re-Rate 1,4,5,485,,
53c58447-eaed-4af6-b295-03eed3a317c8,519f37fb-65ec-412a-a241-838c7a30a05d,Red(w),6,3,155,,
5417fe99-174d-403a-a6fe-63fa08f56efa,519f37fb-65ec-412a-a241-838c7a30a05d,Blue,8,4,385,,
55cde765-ce4f-4838-8b5d-8b45c45c897a,519f37fb-65ec-412a-a241-838c7a30a05d,Yellow,14,3,175,,
565e507c-a219-45f9-bfb6-7e54ba2bac15,519f37fb-65ec-412a-a241-838c7a30a05d,Red - New,1,4,307,,
56d3bbb4-ad9a-4483-97f0-9582a4497583,519f37fb-65ec-412a-a241-838c7a30a05d,Blue Re-Rate 1,1,4,339,,
57a23e32-de5e-428f-a224-e2593370f4c7,519f37fb-65ec-412a-a241-838c7a30a05d,White (w) Re-Rate 1,6,3,182,,
57d41959-e034-4ee7-ab39-24fd4fbfe253,519f37fb-65ec-412a-a241-838c7a30a05d,Blue - New,2,4,403,,
5813567b-891a-4c4e-bb4a-77cc70d25b15,519f37fb-65ec-412a-a241-838c7a30a05d,White,14,3,,,14
58b404eb-0da7-4b48-b8d4-9412c428761c,0f43bfb1-c569-4504-a7b6-d51056c9522e,White,7,3,,,18
58dc748c-4fdc-4fa8-89a0-52c3681142f2,519f37fb-65ec-412a-a241-838c7a30a05d,Blue - New (w),1,4,339,,
596fad7c-08b1-4c90-8412-8f76b300b547,519f37fb-65ec-412a-a241-838c7a30a05d,White (w) Re-Rate 1,1,4,369,,
59d44f8b-f2de-4ccf-b9ce-83fe03888be7,519f37fb-65ec-412a-a241-838c7a30a05d,Red - New (w),16,4,355,,
5a50fd2f-9eea-49f4-9f56-59fd4f3cffe9,519f37fb-65ec-412a-a241-838c7a30a05d,Blue - New,10,4,372,,
5a905a36-c658-44b0-98ce-e08044064ef1,519f37fb-65ec-412a-a241-838c7a30a05d,Yellow,5,4,425,,
5ac92474-bb01-4c71-bd88-9d6f46485c90,519f37fb-65ec-412a-a241-838c7a30a05d,Yellow (w) Re-Rate 1,13,5,542,,
5aed58b4-d264-4132-b47f-7a0fd45893d4,519f37fb-65ec-412a-a241-838c7a30a05d,White - New (w),15,4,378,,
5b808e22-5de6-4873-84d5-75b6cf966ac8,519f37fb-65ec-412a-a241-838c7a30a05d,White (w),2,4,440,,
5bc1578b-b836-4b24-8298-b28597a6dbcf,519f37fb-65ec-412a-a241-838c7a30a05d,Red - New,8,4,379,,
5c0cfaae-7692-477c-86ea-275ffd79279f,0f43bfb1-c569-4504-a7b6-d51056c9522e,White,16,4,,,11
5c0fdf72-7279-4bee-9616-e77b1ea341ff,519f37fb-65ec-412a-a241-838c7a30a05d,Red,7,4,360,,
5c8f172e-17be-4ac2-8edf-2f1c152dd8f2,519f37fb-65ec-412a-a241-838c7a30a05d,Blue Re-Rate 1,14,3,155,,
5cd7b890-30ae-464b-ab6d-32dda981fb6c,519f37fb-65ec-412a-a241-838c7a30a05d,Blue - New (w),16,4,392,,
5ece7733-0ca8-43da-a5f2-913d7a810db9,519f37fb-65ec-412a-a241-838c7a30a05d,Red - New,18,5,447,,
5f870142-9f0b-4a52-8334-92ef20d17bc4,519f37fb-65ec-412a-a241-838c7a30a05d,White Re-Rate 1,10,4,401,,
61f5fdab-cbc0-4517-ac2b-f878dd739630,519f37fb-65ec-412a-a241-838c7a30a05d,Blue Re-Rate 1,6,3,145,,
620c4b2b-e55b-4412-b305-900fcb8020a0,519f37fb-65ec-412a-a241-838c7a30a05d,Yellow Re-Rate 1,10,4,413,,
62a39eb7-a4c3-4195-8295-90848fb276cd,519f37fb-65ec-412a-a241-838c7a30a05d,Red Re-Rate 1,17,3,164,,
63329a2b-db40-4987-b7f4-c774f44bfb58,519f37fb-65ec-412a-a241-838c7a30a05d,White Re-Rate 1,1,4,369,,
63bdac26-d522-4443-baba-5c6226bb642b,519f37fb-65ec-412a-a241-838c7a30a05d,Blue(w),14,3,160,,
64838fc1-ff05-4e85-9fef-028b5bca5289,519f37fb-65ec-412a-a241-838c7a30a05d,Blue - New,9,5,554,,
64e04bea-71d0-4db6-9d78-6038061d9158,519f37fb-65ec-412a-a241-838c7a30a05d,Blue,11,4,410,,
65ca8fec-703c-482c-8fb8-c09bdb3cb0cb,519f37fb-65ec-412a-a241-838c7a30a05d,White (w) Re-Rate 1,17,3,206,,
65dedec9-9c78-444f-b9d6-4949b79eea0f,519f37fb-65ec-412a-a241-838c7a30a05d,Blue - New (w),10,4,372,,
66b2f90b-e1e7-4ca8-a01e-2c1e95563d07,519f37fb-65ec-412a-a241-838c7a30a05d,White Re-Rate 1,18,5,512,,
66d40401-8796-4989-b85e-e7516bb5e6b0,519f37fb-65ec-412a-a241-838c7a30a05d,Blue (w) Re-Rate 1,10,4,372,,
6794b195-22c0-4846-9657-228ede396bae,519f37fb-65ec-412a-a241-838c7a30a05d,Red (w) Re-Rate 1,12,4,335,,
68802a9d-2489-4c65-9e14-b70f296ea31e,519f37fb-65ec-412a-a241-838c7a30a05d,Yellow,2,4,450,,
6a260e28-dc2d-4dc7-b327-ee673acf1c23,519f37fb-65ec-412a-a241-838c7a30a05d,Blue(w),6,3,160,,
6a4f59d4-84b3-4492-817c-894e64bfd2dc,519f37fb-65ec-412a-a241-838c7a30a05d,Yellow (w) Re-Rate 1,8,4,460,,
6a7b1bb5-ff32-4fe4-a805-a95172f1078a,519f37fb-65ec-412a-a241-838c7a30a05d,Yellow Re-Rate 1,1,4,375,,
6a9b8a19-2245-478b-9e70-970f12301050,519f37fb-65ec-412a-a241-838c7a30a05d,Yellow,17,3,215,,
6afaf4d6-a4ff-4afa-87d1-5d398b950f6f,519f37fb-65ec-412a-a241-838c7a30a05d,Yellow - New,5,4,428,,
6c1439f4-f36a-44c6-a040-baa400d77bf2,519f37fb-65ec-412a-a241-838c7a30a05d,Red(w),8,4,380,,
6d3f4413-9085-44d5-8d3f-8191cb3e0c63,519f37fb-65ec-412a-a241-838c7a30a05d,Yellow,7,4,450,,
6dc7e9e8-6cf9-4f33-9d0a-90c274f0c35b,519f37fb-65ec-412a-a241-838c7a30a05d,White (w),11,4,468,,
701dec2b-3595-426b-81a0-5fa53869fb09,519f37fb-65ec-412a-a241-838c7a30a05d,Red,1,4,355,,
707e33e6-6fdf-4b2b-a05b-5ff6ea0c87c5,519f37fb-65ec-412a-a241-838c7a30a05d,Yellow Re-Rate 1,12,4,368,,
7101a201-1e44-4d4f-938f-d578b95ffc32,519f37fb-65ec-412a-a241-838c7a30a05d,Red - New (w),2,4,330,,
711a3876-4aa8-4bea-812c-7cb067085ef4,519f37fb-65ec-412a-a241-838c7a30a05d,White,18,5,,,16
719e6603-186a-4d1f-ab8f-bd11ea137929,519f37fb-65ec-412a-a241-838c7a30a05d,Red Re-Rate 1,16,4,355,,
72270b65-a058-4e9b-ba37-a2ef43cd8974,519f37fb-65ec-412a-a241-838c7a30a05d,Red (w) Re-Rate 1,8,4,379,,
7267fe70-5986-48c1-b363-594fccdfe49c,519f37fb-65ec-412a-a241-838c7a30a05d,White Re-Rate 1,7,4,431,,
726829f3-09a5-4705-af29-0441e07c1d08,519f37fb-65ec-412a-a241-838c7a30a05d,White (w) Re-Rate 1,5,4,421,,
7407f9cb-3bfb-41bb-889c-ae0a2b2863a8,519f37fb-65ec-412a-a241-838c7a30a05d,Red(w),2,4,340,,
74a572ad-8a7c-4395-b3d2-5a93578d72c7,519f37fb-65ec-412a-a241-838c7a30a05d,Blue Re-Rate 1,8,4,387,,
75814216-dcb1-4883-8909-33669258dabd,519f37fb-65ec-412a-a241-838c7a30a05d,White Re-Rate 1,2,4,439,,
7605caef-5223-4f14-b08e-59ab3c0c80f0,519f37fb-65ec-412a-a241-838c7a30a05d,Red(w),11,4,370,,
77f499ac-590e-409d-ad00-fb88c96d0630,519f37fb-65ec-412a-a241-838c7a30a05d,Blue - New,6,3,145,,
786deaa7-197c-4998-b613-43354056c2ba,519f37fb-65ec-412a-a241-838c7a30a05d,Yellow - New,3,3,203,,
789cd1c3-72a1-4c47-9c08-1c11cd5eb084,519f37fb-65ec-412a-a241-838c7a30a05d,Blue - New,7,4,363,,
78adf8b0-45cb-412e-b5ac-37592c789cf6,519f37fb-65ec-412a-a241-838c7a30a05d,Yellow - New,4,5,485,,
79ce9492-de8a-4c39-9cdb-ebfc2a93f301,519f37fb-65ec-412a-a241-838c7a30a05d,White Re-Rate 1,15,4,378,,
79dae071-569f-49de-8d51-919063e1a387,519f37fb-65ec-412a-a241-838c7a30a05d,Blue - New (w),13,5,469,,
7bb178f7-19da-43a5-bb0d-02bad03e1003,519f37fb-65ec-412a-a241-838c7a30a05d,Blue(w),15,4,365,,
7c0ae7f9-cf11-4ca8-bce6-8f1fa5da235f,519f37fb-65ec-412a-a241-838c7a30a05d,Blue(w),12,4,345,,
7ce645d3-1bd1-4e5c-a47e-4ef41fb9851f,519f37fb-65ec-412a-a241-838c7a30a05d,Red - New,7,4,346,,
7ce92d68-55b5-40ea-bdb1-a5bde4d9add4,519f37fb-65ec-412a-a241-838c7a30a05d,White (w) Re-Rate 1,12,4,361,,
7d40f03e-c6a1-47dc-8ce1-1e8c1f9b8d58,519f37fb-65ec-412a-a241-838c7a30a05d,Red,14,3,155,,
7d44c17a-c4db-4a52-820a-422d095448ce,519f37fb-65ec-412a-a241-838c7a30a05d,Red Re-Rate 1,4,5,416,,
7e384a0d-64e2-496d-966c-e577ecd5a5be,519f37fb-65ec-412a-a241-838c7a30a05d,Blue,9,5,545,,
7e8ebcb4-eda8-49bb-8b87-d603187cd170,519f37fb-65ec-412a-a241-838c7a30a05d,Blue,1,4,355,,
7f9b389f-e291-42d6-9265-869be23655ce,519f37fb-65ec-412a-a241-838c7a30a05d,Blue (w) Re-Rate 1,7,4,363,,
7fa0e7c2-c325-476f-8686-0943166ab87b,519f37fb-65ec-412a-a241-838c7a30a05d,White,8,4,,,3
807ca721-4365-446d-865c-de24437b5110,519f37fb-65ec-412a-a241-838c7a30a05d,Yellow (w) Re-Rate 1,16,4,454,,
80865b6e-b609-48dd-8911-95745fed4b67,0f43bfb1-c569-4504-a7b6-d51056c9522e,White,1,4,,,6
81669fbb-08bc-47cb-baab-1e212c2d0b3b,519f37fb-65ec-412a-a241-838c7a30a05d,White (w),18,5,513,,
82f6aa2b-9cde-4929-afa4-a333073b1670,519f37fb-65ec-412a-a241-838c7a30a05d,Yellow Re-Rate 1,2,4,441,,
8315d6ce-39e3-4efc-8edf-e72a3b8768fc,519f37fb-65ec-412a-a241-838c7a30a05d,White (w) Re-Rate 1,18,5,512,,
83b19b3c-8620-4da9-83dd-ff97d07ef55d,519f37fb-65ec-412a-a241-838c7a30a05d,Red - New,14,3,144,,
83c5b835-ef5e-4e56-b0fc-80625cfd35cb,519f37fb-65ec-412a-a241-838c7a30a05d,Blue - New (w),6,3,145,,
84387cbc-3d1c-4343-a80b-1515b456bc7b,519f37fb-65ec-412a-a241-838c7a30a05d,White - New (w),6,3,182,,
848cf0d6-35d4-48ef-b995-d2368ad66531,519f37fb-65ec-412a-a241-838c7a30a05d,Blue,17,3,200,,
85542089-d6e7-4700-8bb3-72e598bda539,519f37fb-65ec-412a-a241-838c7a30a05d,White,10,4,,,10
856b2e26-e2fe-4352-8bec-9417f8f54163,519f37fb-65ec-412a-a241-838c7a30a05d,Yellow,10,4,425,,
85a54f8c-7512-4ace-837a-ceeb68085d7d,519f37fb-65ec-412a-a241-838c7a30a05d,White (w),16,4,419,,
871c55b0-5109-4eae-9839-255db3a3dbc9,519f37fb-65ec-412a-a241-838c7a30a05d,Blue (w) Re-Rate 1,2,4,403,,
879e1359-e80e-4a89-a53d-ab0b3425e5ac,519f37fb-65ec-412a-a241-838c7a30a05d,Yellow (w) Re-Rate 1,7,4,452,,
887df2c0-6f79-4df2-be45-7655c9e34d63,519f37fb-65ec-412a-a241-838c7a30a05d,Red Re-Rate 1,11,4,365,,
8a19c029-4a84-47aa-bc5a-c30370260d66,519f37fb-65ec-412a-a241-838c7a30a05d,Blue Re-Rate 1,10,4,372,,
8a75a46a-5e11-453d-82da-4f90cc6c96ac,519f37fb-65ec-412a-a241-838c7a30a05d,Blue - New,8,4,387,,
8ab388fd-02a1-4478-909b-6da15b809581,519f37fb-65ec-412a-a241-838c7a30a05d,Yellow (w) Re-Rate 1,9,5,612,,
8b0220c4-eaa2-4dec-a490-aaf97bb3e6ad,519f37fb-65ec-412a-a241-838c7a30a05d,Blue,6,3,160,,
8b33d8d8-ba35-4189-8db0-9627b71765ef,519f37fb-65ec-412a-a241-838c7a30a05d,Blue(w),17,3,200,,
8b6ac7d1-1e2f-421e-b180-4cefdd8b2cc6,519f37fb-65ec-412a-a241-838c7a30a05d,Red Re-Rate 1,3,3,138,,
8c6a6d38-eddf-4ee3-9f0c-f51e62e72518,519f37fb-65ec-412a-a241-838c7a30a05d,Red(w),9,5,490,,
8cf12bc7-ede4-43b8-bada-f76284bfe66f,519f37fb-65ec-412a-a241-838c7a30a05d,Blue Re-Rate 1,12,4,340,,
8d36b97e-d420-492b-b8a0-386306dbf369,519f37fb-65ec-412a-a241-838c7a30a05d,White (w) Re-Rate 1,9,5,586,,
8da916f4-d273-4d5f-924b-23a47bb1555f,519f37fb-65ec-412a-a241-838c7a30a05d,White,11,4,,,2
8dc21f93-3b73-4ad8-b55b-c882298e43a2,519f37fb-65ec-412a-a241-838c7a30a05d,Blue,16,4,390,,
8ddcff45-6816-4323-8c17-351a5d81acbc,519f37fb-65ec-412a-a241-838c7a30a05d,White (w) Re-Rate 1,16,4,418,,
8e357da9-5122-4934-9b8a-7c60692e94a0,519f37fb-65ec-412a-a241-838c7a30a05d,White Re-Rate 1,8,4,438,,
8f398d8c-ad63-4dc7-a478-1e9781d554c4,519f37fb-65ec-412a-a241-838c7a30a05d,Blue - New (w),3,3,153,,
8fd01111-349c-4efd-9bf2-b35e7933a97d,519f37fb-65ec-412a-a241-838c7a30a05d,Red - New (w),14,3,144,,
8fed09eb-e2f1-4ad1-8505-6a75980403e1,519f37fb-65ec-412a-a241-838c7a30a05d,Red(w),7,4,360,,
902961b4-75b4-4abf-ad66-96bbbea6f22a,519f37fb-65ec-412a-a241-838c7a30a05d,White (w),13,5,522,,
90464a76-98f2-4412-aca3-536d20177a8e,519f37fb-65ec-412a-a241-838c7a30a05d,Red Re-Rate 1,15,4,332,,
913ffe2a-b0f5-49af-919b-f8ff81a01840,519f37fb-65ec-412a-a241-838c7a30a05d,Blue (w) Re-Rate 1,9,5,554,,
91fa21ac-1b6c-41ef-b893-79d5705daed3,519f37fb-65ec-412a-a241-838c7a30a05d,White - New (w),2,4,439,,
92f0b0b3-c72e-4d3d-89d4-ed91d8fbb4d6,519f37fb-65ec-412a-a241-838c7a30a05d,White,5,4,,,1
932c9aa7-c1d9-48d6-88b9-469f0860ae73,519f37fb-65ec-412a-a241-838c7a30a05d,White - New,13,5,521,,
9428c6be-fe0f-4be3-9818-a128a091148d,519f37fb-65ec-412a-a241-838c7a30a05d,White (w) Re-Rate 1,7,4,431,,
95727829-9217-49c7-8f2f-139876f391c9,519f37fb-65ec-412a-a241-838c7a30a05d,Red - New,15,4,332,,
9673d31f-ee3d-4cc6-bb57-842e8e58ea7b,519f37fb-65ec-412a-a241-838c7a30a05d,Yellow - New,9,5,612,,
97082a93-4481-49c3-bd9d-31511f6b5062,519f37fb-65ec-412a-a241-838c7a30a05d,Red - New,13,5,465,,
97b77ec9-8cea-469c-8996-0bc1a7a4ad74,519f37fb-65ec-412a-a241-838c7a30a05d,Blue - New,1,4,339,,
97d421fe-8fbd-4370-a2a4-bc0655b4764a,519f37fb-65ec-412a-a241-838c7a30a05d,White (w),9,5,586,,
9a0172a2-c6ef-4853-8007-00433dbc7e30,519f37fb-65ec-412a-a241-838c7a30a05d,Red(w),16,4,355,,
9bbb607c-abcd-4c84-ab21-497dc0cf76cd,519f37fb-65ec-412a-a241-838c7a30a05d,Red,18,5,450,,
9d9e3666-02c2-4504-95cc-83fbe3be1012,519f37fb-65ec-412a-a241-838c7a30a05d,Blue (w) Re-Rate 1,4,5,469,,
9db8ea22-38c2-412f-ac62-30dd6f759f27,519f37fb-65ec-412a-a241-838c7a30a05d,Yellow Re-Rate 1,13,5,542,,
9f10f58f-9c0b-4eb7-8513-e911f55a3278,519f37fb-65ec-412a-a241-838c7a30a05d,Blue - New,12,4,340,,
a13b0633-f029-4134-a292-d41f2ad18298,519f37fb-65ec-412a-a241-838c7a30a05d,Yellow (w) Re-Rate 1,6,3,196,,
a156f221-d4aa-4300-9c75-b8b813cd808d,519f37fb-65ec-412a-a241-838c7a30a05d,Red - New,4,5,416,,
a24860e9-d00f-44f9-bfbe-c7539fbd5056,519f37fb-65ec-412a-a241-838c7a30a05d,Red - New,6,3,121,,
a34a39fd-b8b5-4c19-b047-0792d8b4e55a,519f37fb-65ec-412a-a241-838c7a30a05d,Yellow - New,2,4,441,,
a48e469d-80eb-4ed9-95ff-62dcffc96be1,519f37fb-65ec-412a-a241-838c7a30a05d,Red(w),10,4,380,,
a4b57d0a-79d4-4631-9d87-710d1c3e3167,519f37fb-65ec-412a-a241-838c7a30a05d,Red - New (w),10,4,368,,
a4f6d36d-812c-4dc6-a489-557bda784040,519f37fb-65ec-412a-a241-838c7a30a05d,White,1,4,,,15
a570a81b-dedd-448a-bee4-1194b0b8ad9a,519f37fb-65ec-412a-a241-838c7a30a05d,White Re-Rate 1,5,4,421,,
a58bc532-193a-443f-92d4-136c41898259,519f37fb-65ec-412a-a241-838c7a30a05d,Red (w) Re-Rate 1,7,4,346,,
a58e1bdf-378c-4f24-b665-247e75d191c4,0f43bfb1-c569-4504-a7b6-d51056c9522e,White,12,3,,,17
a6caf782-f223-401f-98e1-d970b76e4880,519f37fb-65ec-412a-a241-838c7a30a05d,Yellow - New,1,4,375,,
a72cdd87-c70a-4871-a410-4f928c157c6b,0f43bfb1-c569-4504-a7b6-d51056c9522e,White,13,4,,,7
a74d528a-a5cb-4868-9782-4e419c203e3d,519f37fb-65ec-412a-a241-838c7a30a05d,White Re-Rate 1,17,3,206,,
a879628b-6339-4d8a-b2bd-d88315daf2d3,519f37fb-65ec-412a-a241-838c7a30a05d,White (w),5,4,421,,
a8f426eb-3999-4fa7-a78c-592b4dac9d94,0f43bfb1-c569-4504-a7b6-d51056c9522e,White,5,3,,,14
a9082f54-d047-4c0e-a234-f9b6993783c2,519f37fb-65ec-412a-a241-838c7a30a05d,White,13,5,,,12
aa37b264-2df5-4c0b-af9a-5c80b41cb431,519f37fb-65ec-412a-a241-838c7a30a05d,Blue (w) Re-Rate 1,12,4,340,,
aaf8d7f2-dc1e-4a8f-a035-dabec6deed7c,519f37fb-65ec-412a-a241-838c7a30a05d,Blue - New (w),15,4,358,,
ab1c603d-b995-41f8-8a3b-9f7bb3d4ddb4,519f37fb-65ec-412a-a241-838c7a30a05d,Red(w),5,4,320,,
ab7f9689-ae13-47e2-a9f8-96d4ec6d2a8b,519f37fb-65ec-412a-a241-838c7a30a05d,Red (w) Re-Rate 1,4,5,416,,
ac01525d-a5c1-4e54-ba00-3f6935b749f6,519f37fb-65ec-412a-a241-838c7a30a05d,White (w),7,4,432,,
ac4a310e-9485-4e1c-bb8d-b690f90c1a78,519f37fb-65ec-412a-a241-838c7a30a05d,Yellow - New,7,4,452,,
ad2419d9-eb88-4ee1-ab9c-595c8b65cf41,0f43bfb1-c569-4504-a7b6-d51056c9522e,White,17,3,,,15
ad6e92c3-6c3b-4496-abac-a74c2befa29c,0f43bfb1-c569-4504-a7b6-d51056c9522e,White,9,4,,,8
adc7fdeb-49cf-4260-9e49-67210d3cf9d2,519f37fb-65ec-412a-a241-838c7a30a05d,White (w),15,4,378,,
af37d803-cbab-48ec-820b-5bbaccd08606,519f37fb-65ec-412a-a241-838c7a30a05d,White (w),14,3,162,,
b14ec3e3-7978-4313-a35b-519e6a4a652c,519f37fb-65ec-412a-a241-838c7a30a05d,Yellow,6,3,190,,
b167ec8a-c87c-4f9c-9ef2-ac2447efd8fe,519f37fb-65ec-412a-a241-838c7a30a05d,Red - New (w),3,3,138,,
b20578ce-59ae-437b-83b1-7890bc8c4595,519f37fb-65ec-412a-a241-838c7a30a05d,Yellow (w) Re-Rate 1,5,4,428,,
b30e0cea-844f-4cd8-8221-b100dbfedf8c,519f37fb-65ec-412a-a241-838c7a30a05d,Blue(w),18,5,460,,
b3235464-a122-4543-ac70-ed899a069c4f,519f37fb-65ec-412a-a241-838c7a30a05d,White - New (w),12,4,361,,
b550a585-a24d-45aa-aa3a-e8c51736e90a,519f37fb-65ec-412a-a241-838c7a30a05d,Yellow Re-Rate 1,8,4,460,,
b5bf5c3e-a2cd-4dd0-8652-bd70389f657e,519f37fb-65ec-412a-a241-838c7a30a05d,Red - New,2,4,330,,
b6a98ab6-97a3-41fa-9105-a25aaa919d15,519f37fb-65ec-412a-a241-838c7a30a05d,Red - New (w),13,5,465,,
b6e4561f-4b70-472c-86e4-f25fe2ffa423,519f37fb-65ec-412a-a241-838c7a30a05d,Yellow - New,11,4,489,,
b747f4a3-d5a9-4e37-8bd6-a95c4e59f53a,0f43bfb1-c569-4504-a7b6-d51056c9522e,White,8,4,,,4
b949acb5-854d-4648-b80a-05fdd0635a3d,519f37fb-65ec-412a-a241-838c7a30a05d,Yellow (w) Re-Rate 1,2,4,441,,
ba71e806-654a-4e76-8af7-7c0e51c1908a,519f37fb-65ec-412a-a241-838c7a30a05d,Blue - New,4,5,469,,
bb913b4b-6a31-4631-92eb-4282583e8a60,519f37fb-65ec-412a-a241-838c7a30a05d,Red,13,5,470,,
bc062984-0feb-41e5-ab5e-a0da92055857,519f37fb-65ec-412a-a241-838c7a30a05d,Yellow (w) Re-Rate 1,11,4,489,,
bf5e5097-b246-4318-9ce7-052ab6a2d0a4,519f37fb-65ec-412a-a241-838c7a30a05d,White - New,1,4,369,,
bfb39af7-987b-410c-8e12-c14d93440821,519f37fb-65ec-412a-a241-838c7a30a05d,Red (w) Re-Rate 1,3,3,138,,
c1b705c4-07b7-4d2c-bda7-5ff2d9342fcb,519f37fb-65ec-412a-a241-838c7a30a05d,White Re-Rate 1,12,4,361,,
c2a256dc-36c4-4bac-9f11-312b369c5112,519f37fb-65ec-412a-a241-838c7a30a05d,Blue - New (w),12,4,340,,
c2ba969b-523c-4d9e-8625-fe1dceedf3bd,519f37fb-65ec-412a-a241-838c7a30a05d,Blue(w),16,4,390,,
c3e9eaa6-7da9-4dc9-a013-65b25e647813,519f37fb-65ec-412a-a241-838c7a30a05d,Blue(w),13,5,470,,
c64833b8-36c0-4b9e-906e-ae9e38253565,519f37fb-65ec-412a-a241-838c7a30a05d,Yellow (w) Re-Rate 1,4,5,485,,
c67dca0e-e957-400e-9e04-9f7b48b8b459,519f37fb-65ec-412a-a241-838c7a30a05d,Red,11,4,370,,
c6a7919c-6ebc-409c-a3ba-3dcba8d44f5b,519f37fb-65ec-412a-a241-838c7a30a05d,Yellow,11,4,500,,
c7044c7e-c6dd-43d3-8dfb-eaef878bb37c,519f37fb-65ec-412a-a241-838c7a30a05d,White - New,11,4,468,,
c84bc698-1b4f-497a-ab1e-1e740f7a5ea8,519f37fb-65ec-412a-a241-838c7a30a05d,Red Re-Rate 1,8,4,379,,
c88bfb2d-a1d3-401c-992e-5c586d9241a0,519f37fb-65ec-412a-a241-838c7a30a05d,Yellow - New,13,5,542,,
c8e70832-0011-485b-9140-0df6e49499f2,519f37fb-65ec-412a-a241-838c7a30a05d,Red Re-Rate 1,1,4,307,,
c9f8c281-2797-4911-a2eb-888a9a49b67b,519f37fb-65ec-412a-a241-838c7a30a05d,Blue - New (w),8,4,387,,
cacf14a3-4812-4a59-928b-0ad967559621,519f37fb-65ec-412a-a241-838c7a30a05d,Red(w),4,5,445,,
cad2ef1b-2ff4-4531-902c-5764495ea1f6,519f37fb-65ec-412a-a241-838c7a30a05d,White Re-Rate 1,14,3,161,,
cb30573d-1dc3-4a47-9961-c325fa087422,519f37fb-65ec-412a-a241-838c7a30a05d,Yellow - New,15,4,413,,
cc23458b-ae74-4553-8483-06a1a54d415a,519f37fb-65ec-412a-a241-838c7a30a05d,Yellow,1,4,390,,
cc3fd9f1-7cbf-425c-b139-20fd02667351,519f37fb-65ec-412a-a241-838c7a30a05d,White - New,6,3,182,,
cca4011d-5448-4bd8-8ede-106e8f0150d8,0f43bfb1-c569-4504-a7b6-d51056c9522e,White,11,4,,,9
ccc48219-0245-4abf-8439-9091fd1b938f,519f37fb-65ec-412a-a241-838c7a30a05d,Blue - New,13,5,469,,
cdff535b-e260-49ba-9325-77a50d863b9a,519f37fb-65ec-412a-a241-838c7a30a05d,Yellow,15,4,415,,
ce93d6e9-5031-4a54-a0be-8f298fdd3a90,0f43bfb1-c569-4504-a7b6-d51056c9522e,White,4,4,,,16
d0c9c098-57b0-43d7-a87b-a1655fd27a68,519f37fb-65ec-412a-a241-838c7a30a05d,White - New (w),7,4,431,,
d1b95ca7-9357-4cb2-9c8c-0ff853af5dfc,519f37fb-65ec-412a-a241-838c7a30a05d,Blue,13,5,470,,
d21e9693-9cfe-4d3a-b23c-54ad70d752b0,519f37fb-65ec-412a-a241-838c7a30a05d,White - New (w),8,4,438,,
d2437b1a-e659-4a74-9e9f-9d10465d44ce,519f37fb-65ec-412a-a241-838c7a30a05d,Yellow (w) Re-Rate 1,14,3,168,,
d25b8919-49f6-4bb5-b67c-9b7f7a593341,519f37fb-65ec-412a-a241-838c7a30a05d,Yellow,13,5,545,,
d2986f12-6178-4a7a-a1f4-f116dc1e984a,519f37fb-65ec-412a-a241-838c7a30a05d,Blue Re-Rate 1,16,4,392,,
d298da75-1802-42fa-90be-cea955d66c2c,519f37fb-65ec-412a-a241-838c7a30a05d,White (w) Re-Rate 1,2,4,439,,
d2bb7278-50bb-47b3-97c0-bb2b51784183,519f37fb-65ec-412a-a241-838c7a30a05d,Blue - New,5,4,366,,
d3096136-d703-4541-8534-ea7e4f8a965a,519f37fb-65ec-412a-a241-838c7a30a05d,White - New (w),4,5,482,,
d4332d68-ed21-484c-96d7-513cb8afeedf,519f37fb-65ec-412a-a241-838c7a30a05d,Blue,10,4,380,,
d4eef0fe-6a35-4baa-8cbc-aaf2f7adfc29,519f37fb-65ec-412a-a241-838c7a30a05d,White (w) Re-Rate 1,8,4,438,,
d60bc158-e167-4fcd-8bb0-c67e0b0eecda,519f37fb-65ec-412a-a241-838c7a30a05d,Red (w) Re-Rate 1,18,5,447,,
d7cad89c-0ee3-41ed-ba24-94435978bb3d,519f37fb-65ec-412a-a241-838c7a30a05d,White - New,4,5,482,,
d81c91f6-58c1-4576-b4cc-4fc38b6c3166,519f37fb-65ec-412a-a241-838c7a30a05d,Blue Re-Rate 1,13,5,469,,
d94913d1-3ecd-4847-833b-709a6b0755a8,519f37fb-65ec-412a-a241-838c7a30a05d,Blue (w) Re-Rate 1,1,4,339,,
da1c6dd8-d50f-47f2-a58d-ceef66488995,519f37fb-65ec-412a-a241-838c7a30a05d,White - New (w),17,3,206,,
dab07438-a8fb-439f-b14d-edfaa11a7586,519f37fb-65ec-412a-a241-838c7a30a05d,Red (w) Re-Rate 1,5,4,326,,
dade26e1-cbcc-4e14-9139-6eb3bb576f09,519f37fb-65ec-412a-a241-838c7a30a05d,Red - New,9,5,486,,
db377eda-a984-4905-bb6a-8e8bf671ade3,519f37fb-65ec-412a-a241-838c7a30a05d,Blue(w),3,3,150,,
db4ac809-f6a7-4745-885f-d7b9f3a09b45,519f37fb-65ec-412a-a241-838c7a30a05d,Blue (w) Re-Rate 1,3,3,153,,
db94580d-8f7e-4399-bc87-8b56a3624d5e,519f37fb-65ec-412a-a241-838c7a30a05d,Red - New (w),15,4,332,,
dbfc7265-e17e-4860-a061-8d0116e23549,519f37fb-65ec-412a-a241-838c7a30a05d,Red (w) Re-Rate 1,10,4,368,,
dc6bbd9a-05c6-4a8e-b5d5-6a8110fcf3b1,519f37fb-65ec-412a-a241-838c7a30a05d,Red (w) Re-Rate 1,9,5,486,,
dc6fe253-1eff-4247-8113-036529597ab0,519f37fb-65ec-412a-a241-838c7a30a05d,Blue - New,16,4,392,,
dc8dfb69-ac7b-4716-a4be-24a56c333fbb,519f37fb-65ec-412a-a241-838c7a30a05d,Red (w) Re-Rate 1,13,5,465,,
dcc5575e-80ef-42ea-ad72-e1fabe0d777a,519f37fb-65ec-412a-a241-838c7a30a05d,Red Re-Rate 1,12,4,335,,
dd06f78a-d0a8-44b1-a94d-ab7a13df6c28,519f37fb-65ec-412a-a241-838c7a30a05d,White (w) Re-Rate 1,15,4,378,,
dd6f1de7-0dee-4ade-982a-6ba7d2b10e88,519f37fb-65ec-412a-a241-838c7a30a05d,Yellow - New,6,3,196,,
de16309c-a46e-4361-bc3a-d40b81c899c9,519f37fb-65ec-412a-a241-838c7a30a05d,White - New (w),14,3,161,,
de297cff-b635-4ae1-a330-64c806b0aad2,519f37fb-65ec-412a-a241-838c7a30a05d,Blue(w),8,4,385,,
de3f7363-fe27-4b40-9f8b-93f7590262a0,519f37fb-65ec-412a-a241-838c7a30a05d,Yellow (w) Re-Rate 1,10,4,413,,
de93271e-aa3a-46ba-a225-df836e0ebc61,519f37fb-65ec-412a-a241-838c7a30a05d,Blue - New (w),7,4,363,,
de95e9f3-f844-4536-bd4a-2f0b9115a8ac,519f37fb-65ec-412a-a241-838c7a30a05d,White - New (w),13,5,521,,
e050b601-b208-474a-81c3-b9dbae2a30be,519f37fb-65ec-412a-a241-838c7a30a05d,Red (w) Re-Rate 1,1,4,307,,
e0987abe-1815-43ec-b44f-916e30158931,519f37fb-65ec-412a-a241-838c7a30a05d,Blue - New (w),14,3,155,,
e09bc1b3-6dbf-442e-a971-cfc74b0f77f1,519f37fb-65ec-412a-a241-838c7a30a05d,Red - New (w),18,5,447,,
e0a9ffec-7523-49e5-a323-0f3ca7340054,519f37fb-65ec-412a-a241-838c7a30a05d,White - New,7,4,431,,
e1c2e670-880a-4532-8859-5f200173ec62,519f37fb-65ec-412a-a241-838c7a30a05d,Blue - New (w),18,5,454,,
e2fd9e3a-34e0-4b53-ae3a-3cdbf478206f,519f37fb-65ec-412a-a241-838c7a30a05d,Blue(w),1,4,355,,
e4e7b493-9072-412e-ba87-7a1f992df3f8,519f37fb-65ec-412a-a241-838c7a30a05d,White (w),17,3,207,,
e5394014-e0c6-46bd-b112-848e18d90470,519f37fb-65ec-412a-a241-838c7a30a05d,Red - New (w),9,5,486,,
e5de6242-aab3-4fc8-a45b-176345bd1a38,519f37fb-65ec-412a-a241-838c7a30a05d,Red,9,5,490,,
e693d16a-03ec-4dee-b365-b1f768dd54c6,519f37fb-65ec-412a-a241-838c7a30a05d,Red(w),18,5,450,,
e7ac4b47-330c-41a7-b5d6-1cf653cf1035,519f37fb-65ec-412a-a241-838c7a30a05d,Blue(w),7,4,360,,
e7c2aca2-2339-4a8e-bbbd-6950b2049050,519f37fb-65ec-412a-a241-838c7a30a05d,Blue,15,4,365,,
e7d19e1b-ac45-4734-8288-7f4a5ca88211,0f43bfb1-c569-4504-a7b6-d51056c9522e,White,3,4,,,12
e8935602-a80d-49ec-b39e-f02b38d199a7,519f37fb-65ec-412a-a241-838c7a30a05d,Blue,2,4,395,,
e8f871af-c10d-4cc4-bd07-e6540919aeaa,519f37fb-65ec-412a-a241-838c7a30a05d,Yellow Re-Rate 1,15,4,413,,
e911752c-2f10-4c9b-b644-5e70842a8643,519f37fb-65ec-412a-a241-838c7a30a05d,Red,12,4,345,,
e9a555a0-6eb5-4740-a070-f45a0c74e527,519f37fb-65ec-412a-a241-838c7a30a05d,Blue - New (w),2,4,403,,
ea61065a-3c11-4dc3-8f39-db150376231d,519f37fb-65ec-412a-a241-838c7a30a05d,White (w),4,5,482,,
eb110a97-f599-4523-aca3-a0caa32f8c5a,519f37fb-65ec-412a-a241-838c7a30a05d,White (w) Re-Rate 1,10,4,401,,
ebc31d74-34de-445e-ba44-19750df76d0b,519f37fb-65ec-412a-a241-838c7a30a05d,Yellow - New,8,4,460,,
ebe89354-6fcb-48f7-acf1-b95ab28492f6,519f37fb-65ec-412a-a241-838c7a30a05d,White - New,3,3,181,,
ec99a509-72cc-42e0-afa3-a38fe9930ec0,519f37fb-65ec-412a-a241-838c7a30a05d,Blue - New,11,4,405,,
ed081756-f601-4a51-98fe-cb772c32e3dd,519f37fb-65ec-412a-a241-838c7a30a05d,Blue(w),10,4,380,,
ed9d5023-181c-49b4-befa-c6009660d72d,519f37fb-65ec-412a-a241-838c7a30a05d,Red - New,5,4,326,,
ede53d4a-3721-49ab-a1ea-4b201c4e0c78,519f37fb-65ec-412a-a241-838c7a30a05d,Blue Re-Rate 1,5,4,366,,
ee2b4c08-3afc-4ef1-8f5c-67b5bf40d29e,519f37fb-65ec-412a-a241-838c7a30a05d,Red - New,17,3,164,,
f09d3a40-b458-4168-a3cc-d0fbffafad34,519f37fb-65ec-412a-a241-838c7a30a05d,Blue (w) Re-Rate 1,6,3,145,,
f176db61-776a-44b6-b022-96354849bf92,519f37fb-65ec-412a-a241-838c7a30a05d,White - New (w),10,4,401,,
f1a85b1e-4360-4227-9cfa-b5456ee48cf0,519f37fb-65ec-412a-a241-838c7a30a05d,Blue - New,3,3,153,,
f20a306e-e496-4f68-b79f-20c3acce9942,519f37fb-65ec-412a-a241-838c7a30a05d,White - New,2,4,439,,
f2170e67-7e84-46be-a64f-c0f3c0ebb6fa,519f37fb-65ec-412a-a241-838c7a30a05d,White,12,4,,,18
f2b7f07f-54eb-4043-a0f0-f5ef86f172a7,519f37fb-65ec-412a-a241-838c7a30a05d,Red Re-Rate 1,14,3,144,,
f2c70057-55f7-4e6a-bd07-307124b7a1d3,519f37fb-65ec-412a-a241-838c7a30a05d,Yellow Re-Rate 1,11,4,489,,
f3a48713-0371-4d17-9287-dac9c24867f2,519f37fb-65ec-412a-a241-838c7a30a05d,Blue (w) Re-Rate 1,15,4,358,,
f3a705df-cc71-4fdf-a2c5-75252f1a573b,519f37fb-65ec-412a-a241-838c7a30a05d,Blue Re-Rate 1,2,4,403,,
f45230f3-c938-4cb8-a6e4-f20267b19906,519f37fb-65ec-412a-a241-838c7a30a05d,Red Re-Rate 1,5,4,326,,
f49ffce4-e469-4f4d-80e3-d8550599ff9e,519f37fb-65ec-412a-a241-838c7a30a05d,White - New,14,3,161,,
f68e642d-f7cf-495f-ba40-1c5ce147b49d,519f37fb-65ec-412a-a241-838c7a30a05d,Yellow - New,16,4,454,,
f6e02320-3de6-458f-9bd5-c6c79e850a1e,519f37fb-65ec-412a-a241-838c7a30a05d,White - New (w),18,5,512,,
f6f006e8-d102-43ba-b13d-068c77eb9cb9,519f37fb-65ec-412a-a241-838c7a30a05d,White Re-Rate 1,9,5,586,,
f70cd48e-b96d-42ee-b46d-0c4d7285d658,519f37fb-65ec-412a-a241-838c7a30a05d,White (w),6,3,183,,
f7c9a5f2-96cb-45fb-ae46-18d0ba7d0564,519f37fb-65ec-412a-a241-838c7a30a05d,Red,17,3,170,,
f83863b6-0401-4835-ace0-3d67d40fcb57,519f37fb-65ec-412a-a241-838c7a30a05d,Blue Re-Rate 1,18,5,454,,
f880795a-f279-4044-852a-c5b0a8edc78f,519f37fb-65ec-412a-a241-838c7a30a05d,Yellow - New,12,4,368,,
f8eed58e-e7bd-4745-a389-ca9bdf90669a,519f37fb-65ec-412a-a241-838c7a30a05d,Red,10,4,380,,
f992f91f-508c-4fd6-805a-23251cee3e0a,519f37fb-65ec-412a-a241-838c7a30a05d,Blue (w) Re-Rate 1,18,5,454,,
f9d0ca96-0f5b-496e-b34a-3904b1399e7d,519f37fb-65ec-412a-a241-838c7a30a05d,White - New,17,3,206,,
fa0ac910-8b21-4e81-9fc7-3e3301590edc,519f37fb-65ec-412a-a241-838c7a30a05d,Red - New,12,4,335,,
fabb5fb5-0910-4997-8ba8-1b2da9e02ed8,519f37fb-65ec-412a-a241-838c7a30a05d,Blue Re-Rate 1,11,4,405,,
fadf352b-77e5-4e6e-851d-23dbff896089,519f37fb-65ec-412a-a241-838c7a30a05d,White,16,4,,,4
fb234912-3fa1-4ac2-a544-399fb2e7141e,0f43bfb1-c569-4504-a7b6-d51056c9522e,White,10,4,,,3
fb8e7ab2-4c86-4ccd-b722-2b3b64137233,519f37fb-65ec-412a-a241-838c7a30a05d,Red(w),17,3,170,,
fc4aeb5c-1baa-4eed-8f21-dc745c7f18c6,519f37fb-65ec-412a-a241-838c7a30a05d,Blue(w),2,4,395,,
fc73d359-7764-4154-bcf5-e13aa9eb6e3a,519f37fb-65ec-412a-a241-838c7a30a05d,White - New,12,4,361,,
fcdf7096-77e6-4dca-8e22-22b0e2ca58bc,519f37fb-65ec-412a-a241-838c7a30a05d,Red - New (w),1,4,307,,
fd7674d7-6c51-4063-aa26-8128e7dd440b,519f37fb-65ec-412a-a241-838c7a30a05d,White - New,9,5,586,,
fe2c3684-64ab-429f-b77d-a48002320c95,519f37fb-65ec-412a-a241-838c7a30a05d,Yellow (w) Re-Rate 1,17,3,218,,
fe810e04-abc6-4288-a605-01e856524fff,519f37fb-65ec-412a-a241-838c7a30a05d,Red,15,4,365,,